"日期","收盘","开盘","高","低","交易量","涨跌幅"
"2021年1月8日","1,907.70","1,917.10","1,917.30","1,906.65","-","-0.31%"
"2021年1月7日","1,913.60","1,921.50","1,929.60","1,907.50","-","0.26%"
"2021年1月6日","1,908.60","1,952.80","1,962.50","1,902.60","366.61K","-2.34%"
"2021年1月5日","1,954.40","1,946.00","1,957.00","1,938.40","201.95K","0.40%"
"2021年1月4日","1,946.60","1,908.20","1,948.70","1,906.10","273.37K","2.37%"
"2021年1月1日","1,901.60","1,901.60","1,901.60","1,901.60","-","0.34%"
"2020年12月31日","1,895.10","1,899.00","1,904.90","1,889.10","130.63K","0.09%"
"2020年12月30日","1,893.40","1,881.80","1,899.00","1,879.50","133.66K","0.56%"
"2020年12月29日","1,882.90","1,878.00","1,891.30","1,875.60","149.27K","0.13%"
"2020年12月28日","1,880.40","1,887.00","1,904.10","1,873.00","196.76K","-0.15%"
"2020年12月24日","1,883.20","1,877.30","1,887.40","1,873.10","89.41K","0.27%"
"2020年12月23日","1,878.10","1,865.60","1,883.70","1,860.90","162.54K","0.42%"
"2020年12月22日","1,870.30","1,883.00","1,889.40","1,863.70","176.02K","-0.66%"
"2020年12月21日","1,882.80","1,892.90","1,912.00","1,859.00","232.05K","-0.32%"
"2020年12月18日","1,888.90","1,891.30","1,895.70","1,881.90","153.23K","-0.08%"
"2020年12月17日","1,890.40","1,868.40","1,902.00","1,865.90","219.87K","1.68%"
"2020年12月16日","1,859.10","1,857.70","1,870.00","1,848.20","199.68K","0.20%"
"2020年12月15日","1,855.30","1,830.50","1,859.30","1,828.50","173.61K","1.27%"
"2020年12月14日","1,832.10","1,845.00","1,845.60","1,820.00","168.49K","-0.62%"
"2020年12月11日","1,843.60","1,840.00","1,851.80","1,826.80","153.80K","0.34%"
"2020年12月10日","1,837.40","1,843.00","1,854.20","1,831.50","164.80K","-0.06%"
"2020年12月9日","1,838.50","1,875.40","1,875.90","1,828.20","219.59K","-1.94%"
"2020年12月8日","1,874.90","1,866.10","1,879.80","1,863.90","151.79K","0.48%"
"2020年12月7日","1,866.00","1,841.10","1,873.00","1,824.80","209.04K","1.41%"
"2020年12月4日","1,840.00","1,844.70","1,852.70","1,832.00","171.26K","-0.06%"
"2020年12月3日","1,841.10","1,833.90","1,847.40","1,826.70","180.36K","0.60%"
"2020年12月2日","1,830.20","1,819.10","1,835.70","1,810.50","185.32K","0.62%"
"2020年12月1日","1,818.90","1,780.30","1,821.10","1,778.40","203.65K","2.13%"
"2020年11月30日","1,780.90","1,790.80","1,793.30","1,767.20","242.73K","-0.40%"
"2020年11月27日","1,788.10","1,812.10","1,822.60","1,776.50","282.35K","-1.05%"
"2020年11月26日","1,807.00","1,806.25","1,816.80","1,804.20","-","-0.23%"
"2020年11月25日","1,811.20","1,812.00","1,821.70","1,804.70","133.60K","0.02%"
"2020年11月24日","1,810.90","1,842.60","1,843.00","1,803.70","126.76K","-1.46%"
"2020年11月23日","1,837.80","1,869.80","1,875.00","1,828.00","319.66K","-1.85%"
"2020年11月20日","1,872.40","1,864.80","1,879.20","1,859.10","186.17K","0.59%"
"2020年11月19日","1,861.50","1,872.00","1,872.60","1,850.00","222.35K","-0.66%"
"2020年11月18日","1,873.90","1,879.50","1,884.20","1,860.30","209.00K","-0.59%"
"2020年11月17日","1,885.10","1,888.20","1,892.70","1,876.30","160.88K","-0.14%"
"2020年11月16日","1,887.80","1,886.60","1,898.00","1,861.50","222.94K","0.08%"
"2020年11月13日","1,886.20","1,875.60","1,895.80","1,872.10","162.54K","0.69%"
"2020年11月12日","1,873.30","1,863.90","1,883.00","1,860.70","209.93K","0.63%"
"2020年11月11日","1,861.60","1,876.10","1,882.50","1,853.90","215.17K","-0.79%"
"2020年11月10日","1,876.40","1,864.10","1,888.90","1,858.90","264.87K","1.19%"
"2020年11月9日","1,854.40","1,956.00","1,966.10","1,848.00","496.09K","-4.99%"
"2020年11月6日","1,951.70","1,950.00","1,961.80","1,937.20","246.78K","0.25%"
"2020年11月5日","1,946.80","1,903.40","1,954.30","1,902.20","297.51K","2.67%"
"2020年11月4日","1,896.20","1,910.30","1,917.90","1,881.80","293.95K","-0.74%"
"2020年11月3日","1,910.40","1,896.40","1,912.20","1,887.60","171.37K","0.95%"
"2020年11月2日","1,892.50","1,877.00","1,897.10","1,873.30","164.94K","0.67%"
"2020年10月30日","1,879.90","1,867.90","1,890.90","1,863.30","213.17K","0.64%"
"2020年10月29日","1,868.00","1,877.50","1,885.10","1,859.20","225.16K","-0.60%"
"2020年10月28日","1,879.20","1,909.80","1,912.60","1,869.10","297.09K","-1.71%"
"2020年10月27日","1,911.90","1,904.40","1,913.80","1,898.70","153.30K","0.33%"
"2020年10月26日","1,905.70","1,906.00","1,911.10","1,892.50","166.31K","0.03%"
"2020年10月23日","1,905.20","1,906.50","1,917.30","1,895.20","172.96K","0.03%"
"2020年10月22日","1,904.60","1,927.40","1,929.40","1,894.20","215.58K","-1.29%"
"2020年10月21日","1,929.50","1,911.60","1,936.00","1,911.60","201.27K","0.74%"
"2020年10月20日","1,915.40","1,906.40","1,917.60","1,896.60","163.91K","0.19%"
"2020年10月19日","1,911.70","1,903.20","1,923.40","1,900.20","159.85K","0.28%"
"2020年10月16日","1,906.40","1,912.70","1,918.70","1,901.10","146.91K","-0.13%"
"2020年10月15日","1,908.90","1,906.00","1,913.20","1,892.70","213.57K","0.08%"
"2020年10月14日","1,907.30","1,895.40","1,917.50","1,885.00","188.30K","0.67%"
"2020年10月13日","1,894.60","1,927.30","1,930.60","1,889.30","267.54K","-1.78%"
"2020年10月12日","1,928.90","1,935.00","1,939.40","1,923.80","157.21K","0.14%"
"2020年10月9日","1,926.20","1,898.40","1,936.80","1,898.00","229.85K","1.64%"
"2020年10月8日","1,895.10","1,890.60","1,905.30","1,885.30","185.45K","0.23%"
"2020年10月7日","1,890.80","1,882.60","1,902.40","1,877.10","188.59K","-0.94%"
"2020年10月6日","1,908.80","1,917.80","1,927.00","1,878.20","219.44K","-0.59%"
"2020年10月5日","1,920.10","1,910.90","1,924.90","1,891.20","177.59K","0.66%"
"2020年10月2日","1,907.60","1,911.00","1,923.60","1,895.20","212.73K","-0.45%"
"2020年10月1日","1,916.30","1,891.20","1,917.90","1,890.00","262.09K","1.10%"
"2020年9月30日","1,895.50","1,903.20","1,908.20","1,885.80","259.87K","-0.40%"
"2020年9月29日","1,903.20","1,886.40","1,904.80","1,880.80","217.80K","1.11%"
"2020年9月28日","1,882.30","1,862.70","1,888.20","1,851.10","235.92K","0.86%"
"2020年9月25日","1,866.30","1,872.70","1,879.30","1,854.10","230.86K","-0.56%"
"2020年9月24日","1,876.90","1,866.90","1,880.90","1,851.00","345.04K","0.45%"
"2020年9月23日","1,868.40","1,905.10","1,909.90","1,856.00","411.56K","-2.05%"
"2020年9月22日","1,907.60","1,918.10","1,925.50","1,898.90","282.71K","-0.16%"
"2020年9月21日","1,910.60","1,957.30","1,962.90","1,885.40","381.84K","-2.62%"
"2020年9月18日","1,962.10","1,951.10","1,968.20","1,951.10","174.77K","0.63%"
"2020年9月17日","1,949.90","1,967.60","1,969.30","1,938.20","273.14K","-1.05%"
"2020年9月16日","1,970.50","1,961.40","1,983.80","1,957.20","298.39K","0.22%"
"2020年9月15日","1,966.20","1,966.20","1,982.40","1,955.60","239.54K","0.13%"
"2020年9月14日","1,963.70","1,948.90","1,972.50","1,945.20","200.09K","0.81%"
"2020年9月11日","1,947.90","1,953.80","1,963.40","1,944.00","205.23K","-0.83%"
"2020年9月10日","1,964.30","1,955.30","1,975.20","1,948.60","271.48K","0.48%"
"2020年9月9日","1,954.90","1,939.40","1,959.70","1,926.30","227.18K","0.60%"
"2020年9月8日","1,943.20","1,938.00","1,948.30","1,911.70","416.01K","0.31%"
"2020年9月7日","1,937.10","1,940.70","1,947.40","1,930.45","-","-0.18%"
"2020年9月6日","1,940.65","1,941.90","1,944.30","1,937.65","-","0.33%"
"2020年9月4日","1,934.30","1,938.00","1,956.60","1,921.60","304.74K","-0.18%"
"2020年9月3日","1,937.80","1,948.90","1,956.60","1,927.20","303.03K","-0.35%"
"2020年9月2日","1,944.70","1,976.80","1,980.40","1,938.90","332.59K","-1.73%"
"2020年9月1日","1,978.90","1,973.70","2,001.20","1,969.20","304.89K","0.02%"
"2020年8月31日","1,978.60","1,973.90","1,985.80","1,962.30","245.11K","0.19%"
"2020年8月28日","1,974.90","1,937.50","1,983.00","1,928.20","334.10K","2.19%"
"2020年8月27日","1,932.60","1,963.00","1,987.00","1,914.70","467.17K","-1.02%"
"2020年8月26日","1,952.50","1,939.00","1,963.40","1,908.40","342.21K","1.53%"
"2020年8月25日","1,923.10","1,935.90","1,944.10","1,919.10","274.11K","-0.83%"
"2020年8月24日","1,939.20","1,947.90","1,970.30","1,930.80","286.26K","-0.40%"
"2020年8月21日","1,947.00","1,955.60","1,963.10","1,916.60","355.07K","0.03%"
"2020年8月20日","1,946.50","1,934.40","1,963.10","1,928.90","383.34K","-1.21%"
"2020年8月19日","1,970.30","2,010.50","2,015.60","1,930.50","443.26K","-2.13%"
"2020年8月18日","2,013.10","1,993.60","2,024.60","1,985.20","361.48K","0.72%"
"2020年8月17日","1,998.70","1,956.40","2,000.80","1,939.10","289.44K","2.51%"
"2020年8月14日","1,949.80","1,963.80","1,970.00","1,939.10","241.80K","-1.05%"
"2020年8月13日","1,970.40","1,927.30","1,974.80","1,923.00","349.89K","1.10%"
"2020年8月12日","1,949.00","1,921.60","1,961.00","1,874.20","459.84K","0.14%"
"2020年8月11日","1,946.30","2,038.40","2,040.50","1,911.30","565.00K","-4.58%"
"2020年8月10日","2,039.70","2,044.80","2,060.80","2,027.80","251.31K","0.58%"
"2020年8月7日","2,028.00","2,076.40","2,089.20","2,024.80","398.13K","-2.00%"
"2020年8月6日","2,069.40","2,055.00","2,081.80","2,049.00","312.76K","0.98%"
"2020年8月5日","2,049.30","2,037.00","2,070.30","2,027.50","366.38K","1.40%"
"2020年8月4日","2,021.00","1,993.50","2,037.70","1,982.60","274.42K","1.75%"
"2020年8月3日","1,986.30","1,997.40","2,009.50","1,975.20","178.75K","0.02%"
"2020年7月31日","1,985.90","1,973.60","2,005.40","1,971.40","279.32K","0.97%"
"2020年7月30日","1,966.80","1,986.40","1,987.30","1,952.30","271.38K","-0.50%"
"2020年7月29日","1,976.70","1,971.90","1,998.40","1,955.70","197.82K","0.65%"
"2020年7月28日","1,963.90","1,963.20","2,000.00","1,927.50","161.58K","0.43%"
"2020年7月27日","1,955.40","1,929.00","1,971.30","1,926.80","137.85K","1.57%"
"2020年7月24日","1,925.20","1,912.30","1,933.60","1,908.00","66.45K","0.41%"
"2020年7月23日","1,917.40","1,900.00","1,927.10","1,890.40","72.36K","1.31%"
"2020年7月22日","1,892.60","1,867.80","1,899.00","1,867.80","49.86K","1.23%"
"2020年7月21日","1,869.60","1,842.50","1,870.50","1,839.90","31.69K","1.60%"
"2020年7月20日","1,840.10","1,835.50","1,846.10","1,830.70","19.19K","0.35%"
"2020年7月17日","1,833.70","1,822.90","1,837.60","1,821.00","16.39K","0.39%"
"2020年7月16日","1,826.50","1,840.70","1,843.70","1,819.90","18.23K","-0.82%"
"2020年7月15日","1,841.60","1,839.70","1,847.20","1,831.90","13.32K","0.01%"
"2020年7月14日","1,841.50","1,834.20","1,843.00","1,819.30","40.63K","-0.12%"
"2020年7月13日","1,843.70","1,831.60","1,847.70","1,831.60","36.09K","0.68%"
"2020年7月10日","1,831.30","1,837.00","1,846.30","1,825.50","40.13K","-0.12%"
"2020年7月9日","1,833.50","1,849.80","1,854.60","1,829.60","48.72K","-0.92%"
"2020年7月8日","1,850.60","1,832.60","1,857.00","1,829.10","58.42K","0.89%"
"2020年7月7日","1,834.30","1,817.20","1,835.00","1,804.80","18.51K","1.00%"
"2020年7月6日","1,816.10","1,809.30","1,821.30","1,801.60","10.49K","1.59%"
"2020年7月3日","1,787.60","1,786.90","1,788.70","1,783.65","-","-1.35%"
"2020年7月2日","1,812.00","1,802.20","1,813.90","1,788.30","11.53K","0.56%"
"2020年7月1日","1,801.90","1,817.50","1,827.10","1,789.80","15.52K","-1.02%"
"2020年6月30日","1,820.40","1,803.70","1,823.50","1,794.00","8.60K","1.13%"
"2020年6月29日","1,800.10","1,807.30","1,808.60","1,795.30","4.16K","0.09%"
"2020年6月26日","1,798.50","1,792.50","1,804.00","1,772.00","4.76K","0.56%"
"2020年6月25日","1,788.40","1,789.30","1,796.60","1,781.60","6.30K","-0.23%"
"2020年6月24日","1,792.60","1,800.40","1,810.70","1,787.80","8.73K","-0.25%"
"2020年6月23日","1,797.10","1,780.00","1,801.50","1,774.00","4.07K","0.86%"
"2020年6月22日","1,781.70","1,780.30","1,793.60","1,769.00","5.87K","0.74%"
"2020年6月19日","1,768.60","1,746.60","1,775.60","1,745.50","8.36K","1.18%"
"2020年6月18日","1,747.90","1,752.90","1,765.20","1,739.60","4.78K","-0.31%"
"2020年6月17日","1,753.40","1,751.50","1,756.80","1,735.60","3.83K","-0.06%"
"2020年6月16日","1,754.40","1,751.40","1,757.50","1,739.80","4.23K","0.54%"
"2020年6月15日","1,744.90","1,759.10","1,759.60","1,724.60","4.43K","-0.59%"
"2020年6月12日","1,755.20","1,751.70","1,770.50","1,746.90","3.61K","-0.14%"
"2020年6月11日","1,757.60","1,764.90","1,772.60","1,746.00","6.57K","1.07%"
"2020年6月10日","1,739.00","1,737.70","1,767.00","1,732.80","8.14K","-0.07%"
"2020年6月9日","1,740.30","1,724.90","1,747.50","1,715.90","6.82K","0.96%"
"2020年6月8日","1,723.80","1,706.10","1,726.00","1,700.10","4.83K","1.29%"
"2020年6月5日","1,701.90","1,740.20","1,741.90","1,690.10","9.81K","-2.55%"
"2020年6月4日","1,746.40","1,721.00","1,747.30","1,718.50","5.81K","1.33%"
"2020年6月3日","1,723.50","1,750.30","1,754.10","1,707.50","7.57K","-1.50%"
"2020年6月2日","1,749.70","1,766.20","1,771.00","1,743.40","4.99K","-0.79%"
"2020年6月1日","1,763.70","1,763.10","1,774.50","1,751.60","3.29K","-0.11%"
"2020年5月29日","1,765.70","1,748.70","1,767.10","1,740.70","6.42K","1.32%"
"2020年5月28日","1,742.70","1,737.50","1,757.30","1,734.30","4.17K","0.13%"
"2020年5月27日","1,740.50","1,738.80","1,743.30","1,714.80","6.08K","0.00%"
"2020年5月26日","1,740.50","1,761.00","1,768.00","1,734.80","6.03K","0.78%"
"2020年5月25日","1,727.00","1,730.55","1,731.35","1,719.25","-","-0.21%"
"2020年5月24日","1,730.65","1,735.45","1,735.90","1,729.80","-","-1.98%"
"2020年5月22日","1,765.60","1,755.90","1,768.30","1,750.60","8.36K","0.87%"
"2020年5月21日","1,750.40","1,778.80","1,779.80","1,743.80","5.87K","-1.76%"
"2020年5月20日","1,781.70","1,777.70","1,785.10","1,773.00","4.20K","0.47%"
"2020年5月19日","1,773.40","1,763.00","1,779.60","1,754.20","4.33K","0.73%"
"2020年5月18日","1,760.60","1,780.00","1,800.00","1,756.20","4.07K","-1.02%"
"2020年5月15日","1,778.70","1,760.10","1,783.00","1,758.00","5.54K","0.95%"
"2020年5月14日","1,762.00","1,743.30","1,765.10","1,735.00","4.05K","1.42%"
"2020年5月13日","1,737.30","1,726.60","1,744.50","1,721.00","6.18K","0.54%"
"2020年5月12日","1,728.00","1,721.10","1,737.20","1,717.00","5.81K","0.41%"
"2020年5月11日","1,720.90","1,727.70","1,734.20","1,714.20","6.37K","-0.82%"
"2020年5月8日","1,735.20","1,743.50","1,752.70","1,724.50","8.13K","-0.49%"
"2020年5月7日","1,743.70","1,706.40","1,750.50","1,704.50","8.26K","2.31%"
"2020年5月6日","1,704.40","1,730.50","1,733.40","1,698.80","5.81K","-1.37%"
"2020年5月5日","1,728.00","1,719.00","1,733.70","1,710.50","8.37K","0.12%"
"2020年5月4日","1,725.90","1,722.90","1,735.50","1,711.80","3.35K","0.81%"
"2020年5月1日","1,712.00","1,705.70","1,723.10","1,688.00","2.33K","0.42%"
"2020年4月30日","1,704.90","1,737.00","1,745.00","1,697.70","3.80K","-1.02%"
"2020年4月29日","1,722.40","1,735.00","1,741.80","1,718.00","1.90K","-0.51%"
"2020年4月28日","1,731.20","1,731.80","1,740.00","1,712.70","3.06K","-0.01%"
"2020年4月27日","1,731.40","1,746.70","1,753.00","1,726.80","2.90K","-0.59%"
"2020年4月24日","1,741.70","1,754.40","1,765.50","1,733.00","2.26K","-0.53%"
"2020年4月23日","1,751.00","1,741.40","1,769.20","1,736.00","3.79K","0.43%"
"2020年4月22日","1,743.50","1,707.60","1,747.10","1,700.00","2.50K","3.04%"
"2020年4月21日","1,692.10","1,717.60","1,720.80","1,670.30","2.73K","-1.35%"
"2020年4月20日","1,715.30","1,697.20","1,722.00","1,689.20","2.52K","0.74%"
"2020年4月17日","1,702.70","1,740.70","1,741.30","1,695.50","4.41K","-1.94%"
"2020年4月16日","1,736.30","1,744.00","1,771.20","1,727.60","3.83K","-0.48%"
"2020年4月15日","1,744.70","1,760.70","1,762.70","1,736.40","3.86K","-1.50%"
"2020年4月14日","1,771.20","1,768.00","1,789.50","1,750.00","7.09K","0.48%"
"2020年4月13日","1,762.70","1,741.60","1,773.50","1,725.00","4.15K","1.27%"
"2020年4月10日","1,740.60","1,740.60","1,740.60","1,740.60","-","-0.74%"
"2020年4月9日","1,753.60","1,679.20","1,754.30","1,679.20","9.30K","4.13%"
"2020年4月8日","1,684.10","1,680.10","1,693.90","1,673.90","3.33K","0.02%"
"2020年4月7日","1,683.70","1,713.10","1,740.80","1,674.30","7.05K","-0.56%"
"2020年4月6日","1,693.10","1,649.50","1,713.50","1,640.00","4.04K","2.83%"
"2020年4月3日","1,646.50","1,639.00","1,651.50","1,625.30","3.02K","0.46%"
"2020年4月2日","1,638.90","1,607.00","1,645.20","1,596.70","3.42K","2.91%"
"2020年4月1日","1,592.50","1,580.00","1,611.00","1,577.70","3.25K","-0.32%"
"2020年3月31日","1,597.60","1,640.10","1,642.20","1,590.80","3.35K","-2.83%"
"2020年3月30日","1,644.10","1,665.70","1,672.50","1,634.60","2.89K","-0.66%"
"2020年3月27日","1,655.00","1,653.60","1,659.30","1,631.90","6.37K","-0.42%"
"2020年3月26日","1,662.00","1,639.60","1,678.00","1,615.00","7.61K","1.76%"
"2020年3月25日","1,633.30","1,688.00","1,695.00","1,607.50","5.34K","-1.79%"
"2020年3月24日","1,663.00","1,578.00","1,691.40","1,578.00","9.56K","5.16%"
"2020年3月23日","1,581.40","1,520.00","1,583.70","1,498.90","3.14K","5.77%"
"2020年3月20日","1,495.10","1,468.00","1,530.00","1,468.00","4.16K","0.38%"
"2020年3月19日","1,489.40","1,496.60","1,508.00","1,476.90","2.21K","0.15%"
"2020年3月18日","1,487.10","1,547.00","1,551.10","1,485.20","2.49K","-3.06%"
"2020年3月17日","1,534.10","1,504.50","1,561.50","1,476.30","3.41K","2.70%"
"2020年3月16日","1,493.80","1,573.00","1,578.60","1,458.80","2.74K","-2.04%"
"2020年3月13日","1,524.90","1,592.60","1,604.20","1,514.30","2.51K","-4.62%"
"2020年3月12日","1,598.80","1,648.60","1,655.20","1,568.70","3.05K","-3.15%"
"2020年3月11日","1,650.80","1,657.90","1,677.60","1,641.70","4.20K","-1.09%"
"2020年3月10日","1,669.00","1,675.00","1,679.30","1,651.50","3.67K","-0.90%"
"2020年3月9日","1,684.10","1,700.00","1,712.10","1,668.10","3.54K","0.07%"
"2020年3月6日","1,683.00","1,683.60","1,703.60","1,657.70","4.50K","0.15%"
"2020年3月5日","1,680.40","1,653.40","1,687.20","1,653.00","2.37K","1.44%"
"2020年3月4日","1,656.50","1,660.10","1,661.10","1,647.30","3.92K","-0.14%"
"2020年3月3日","1,658.80","1,606.50","1,663.80","1,606.50","3.14K","3.05%"
"2020年3月2日","1,609.70","1,609.10","1,626.00","1,593.90","2.37K","1.65%"
"2020年2月28日","1,583.60","1,667.10","1,667.10","1,582.00","6.31K","-4.68%"
"2020年2月27日","1,661.40","1,668.00","1,680.30","1,656.00","3.96K","-0.09%"
"2020年2月26日","1,662.90","1,656.40","1,676.70","1,646.70","3.59K","-0.44%"
"2020年2月25日","1,670.20","1,681.60","1,681.60","1,650.00","3.36K","-1.59%"
"2020年2月24日","1,697.10","1,673.30","1,711.80","1,673.30","9.96K","1.68%"
"2020年2月21日","1,669.10","1,645.50","1,671.20","1,642.40","1.86K","1.72%"
"2020年2月20日","1,640.80","1,634.00","1,645.50","1,627.70","1.31K","0.53%"
"2020年2月19日","1,632.20","1,625.00","1,634.80","1,623.30","1.40K","0.50%"
"2020年2月18日","1,624.00","1,605.00","1,628.30","1,603.50","1.62K","2.33%"
"2020年2月17日","1,587.05","1,586.15","1,588.45","1,581.85","-","0.05%"
"2020年2月16日","1,586.25","1,585.50","1,586.25","1,583.45","-","-1.29%"
"2020年2月14日","1,606.90","1,601.00","1,608.40","1,597.30","1.56K","0.46%"
"2020年2月13日","1,599.60","1,594.40","1,602.00","1,594.00","1.73K","0.45%"
"2020年2月12日","1,592.40","1,590.80","1,593.90","1,587.50","2.05K","0.08%"
"2020年2月11日","1,591.10","1,597.30","1,597.90","1,587.10","1.86K","-0.60%"
"2020年2月10日","1,600.70","1,599.50","1,601.50","1,594.20","1.66K","0.36%"
"2020年2月7日","1,595.00","1,591.00","1,598.30","1,588.40","0.84K","0.21%"
"2020年2月6日","1,591.70","1,580.70","1,592.40","1,579.30","1.31K","0.44%"
"2020年2月5日","1,584.70","1,579.40","1,587.00","1,573.00","2.05K","0.46%"
"2020年2月4日","1,577.50","1,602.30","1,602.30","1,576.00","1.84K","-1.65%"
"2020年2月3日","1,604.00","1,618.80","1,619.60","1,595.00","1.02K","-0.34%"
"2020年1月31日","1,609.40","1,599.70","1,615.30","1,597.70","3.06K","-0.08%"
"2020年1月30日","1,610.70","1,601.60","1,612.00","1,599.00","1.50K","0.80%"
"2020年1月29日","1,597.90","1,594.50","1,603.60","1,589.30","4.24K","0.06%"
"2020年1月28日","1,596.90","1,606.70","1,607.10","1,593.40","10.91K","-0.48%"
"2020年1月27日","1,604.60","1,610.00","1,612.80","1,602.80","1.93K","0.35%"
"2020年1月24日","1,599.00","1,589.10","1,601.40","1,584.00","2.62K","0.43%"
"2020年1月23日","1,592.10","1,585.00","1,593.50","1,580.10","1.75K","0.54%"
"2020年1月22日","1,583.50","1,583.10","1,585.50","1,577.60","1.96K","-0.08%"
"2020年1月21日","1,584.70","1,584.00","1,593.80","1,573.60","2.14K","1.50%"
"2020年1月20日","1,561.25","1,557.20","1,562.70","1,556.65","-","0.27%"
"2020年1月19日","1,557.05","1,557.40","1,559.05","1,556.45","-","-1.90%"
"2020年1月17日","1,587.20","1,578.60","1,588.00","1,577.10","1.54K","0.65%"
"2020年1月16日","1,576.90","1,580.40","1,583.40","1,575.00","1.86K","-0.22%"
"2020年1月15日","1,580.30","1,575.90","1,582.20","1,573.40","2.10K","0.58%"
"2020年1月14日","1,571.20","1,573.20","1,573.90","1,563.40","1.76K","-0.40%"
"2020年1月13日","1,577.50","1,586.80","1,586.80","1,574.90","2.70K","-0.60%"
"2020年1月10日","1,587.00","1,577.60","1,589.60","1,574.10","2.73K","0.35%"
"2020年1月9日","1,581.40","1,583.00","1,587.50","1,570.20","1.43K","-0.35%"
"2020年1月8日","1,587.00","1,603.30","1,637.90","1,581.50","3.32K","-0.89%"
"2020年1月7日","1,601.30","1,594.50","1,605.50","1,586.50","2.57K","0.33%"
"2020年1月6日","1,596.10","1,590.20","1,615.30","1,590.00","2.80K","1.04%"
"2020年1月3日","1,579.60","1,561.60","1,583.60","1,561.60","5.12K","1.57%"
"2020年1月2日","1,555.20","1,548.70","1,559.50","1,548.20","1.25K","2.25%"
"2020年1月1日","1,520.95","1,520.85","1,523.95","1,520.85","-","-1.91%"
"2019年12月31日","1,550.60","1,546.70","1,555.00","1,546.40","0.67K","0.34%"
"2019年12月30日","1,545.40","1,543.90","1,545.50","1,540.10","0.46K","0.06%"
"2019年12月27日","1,544.40","1,540.70","1,545.00","1,540.00","0.29K","0.27%"
"2019年12月26日","1,540.30","1,528.90","1,543.00","1,528.40","1.02K","2.41%"
"2019年12月25日","1,504.05","1,504.40","1,504.40","1,502.15","-","-1.73%"
"2019年12月24日","1,530.50","1,518.60","1,530.10","1,518.60","0.45K","1.06%"
"2019年12月23日","1,514.40","1,510.70","1,514.90","1,510.70","0.39K","0.53%"
"2019年12月20日","1,506.40","1,508.10","1,510.00","1,505.20","0.44K","-0.24%"
"2019年12月19日","1,510.00","1,505.40","1,510.40","1,503.50","0.57K","0.38%"
"2019年12月18日","1,504.30","1,506.40","1,508.50","1,501.70","1.56K","-0.17%"
"2019年12月17日","1,506.80","1,505.80","1,510.00","1,505.00","0.21K","0.01%"
"2019年12月16日","1,506.70","1,505.40","1,509.40","1,503.90","0.42K","-0.01%"
"2019年12月13日","1,506.90","1,493.00","1,507.90","1,493.00","0.47K","0.63%"
"2019年12月12日","1,497.50","1,511.20","1,514.00","1,494.10","0.17K","-0.17%"
"2019年12月11日","1,500.10","1,500.00","1,507.00","1,497.50","0.14K","0.46%"
"2019年12月10日","1,493.20","1,490.60","1,496.00","1,489.70","0.14K","0.23%"
"2019年12月9日","1,489.80","1,493.20","1,493.20","1,489.40","0.30K","-0.01%"
"2019年12月6日","1,489.90","1,503.00","1,506.00","1,488.00","0.44K","-1.17%"
"2019年12月5日","1,507.50","1,505.00","1,508.00","1,503.00","0.23K","0.20%"
"2019年12月4日","1,504.50","1,509.10","1,513.50","1,502.50","0.46K","-0.27%"
"2019年12月3日","1,508.60","1,491.10","1,510.30","1,491.10","0.45K","1.04%"
"2019年12月2日","1,493.10","1,494.00","1,495.30","1,485.00","0.17K","-0.23%"
"2019年11月29日","1,496.60","1,488.00","1,495.40","1,484.20","0.19K","2.35%"
"2019年11月28日","1,462.25","1,463.25","1,464.55","1,460.75","-","-1.49%"
"2019年11月27日","1,484.40","1,489.20","1,490.20","1,483.90","0.22K","-0.44%"
"2019年11月26日","1,491.00","1,484.30","1,492.00","1,481.00","0.31K","0.19%"
"2019年11月25日","1,488.10","1,490.90","1,492.00","1,485.20","0.94K","-0.42%"
"2019年11月22日","1,494.40","1,497.70","1,502.30","1,492.00","0.70K","0.03%"
"2019年11月21日","1,494.00","1,505.50","1,505.70","1,494.00","0.49K","-0.70%"
"2019年11月20日","1,504.50","1,505.50","1,509.20","1,498.00","0.69K","-0.02%"
"2019年11月19日","1,504.80","1,501.30","1,506.10","1,497.00","1.03K","0.16%"
"2019年11月18日","1,502.40","1,498.40","1,502.80","1,488.80","0.82K","0.22%"
"2019年11月15日","1,499.10","1,496.30","1,499.90","1,495.90","0.07K","-0.33%"
"2019年11月14日","1,504.00","1,495.10","1,504.70","1,494.80","0.84K","0.68%"
"2019年11月13日","1,493.90","1,489.90","1,498.10","1,489.90","0.74K","0.65%"
"2019年11月12日","1,484.20","1,487.80","1,488.50","1,480.00","0.93K","-0.26%"
"2019年11月11日","1,488.00","1,494.00","1,494.00","1,480.10","0.73K","-0.55%"
"2019年11月8日","1,496.30","1,500.50","1,503.00","1,488.80","0.35K","-0.09%"
"2019年11月7日","1,497.70","1,520.10","1,520.10","1,495.10","1.32K","-1.72%"
"2019年11月6日","1,523.90","1,516.70","1,525.40","1,516.10","0.69K","0.62%"
"2019年11月5日","1,514.50","1,535.00","1,535.00","1,513.00","1.77K","-1.76%"
"2019年11月4日","1,541.60","1,544.80","1,544.80","1,541.00","0.83K","0.02%"
"2019年11月1日","1,541.30","1,542.10","1,545.00","1,538.00","0.20K","-0.17%"
"2019年10月31日","1,544.00","1,527.00","1,545.00","1,527.00","0.17K","1.15%"
"2019年10月30日","1,526.50","1,520.80","1,526.50","1,513.20","1.90K","0.39%"
"2019年10月29日","1,520.60","1,524.20","1,524.20","1,515.50","0.22K","-0.34%"
"2019年10月28日","1,525.80","1,535.70","1,536.20","1,523.50","0.16K","-0.61%"
"2019年10月25日","1,535.10","1,537.50","1,549.90","1,535.00","0.07K","0.08%"
"2019年10月24日","1,533.90","1,524.30","1,534.70","1,522.00","0.28K","0.59%"
"2019年10月23日","1,524.90","1,522.00","1,526.10","1,522.00","0.03K","0.55%"
"2019年10月22日","1,516.60","1,517.30","1,519.00","1,515.00","0.01K","-0.05%"
"2019年10月21日","1,517.30","1,524.90","1,524.90","1,515.00","0.11K","-0.37%"
"2019年10月18日","1,523.00","1,526.10","1,526.10","1,519.50","0.16K","-0.31%"
"2019年10月17日","1,527.80","1,519.90","1,527.60","1,519.90","0.21K","0.29%"
"2019年10月16日","1,523.40","1,515.50","1,522.20","1,510.00","0.20K","0.68%"
"2019年10月15日","1,513.10","1,522.90","1,524.50","1,513.00","0.23K","-0.92%"
"2019年10月14日","1,527.10","1,529.00","1,530.00","1,524.40","0.03K","0.61%"
"2019年10月11日","1,517.80","1,533.70","1,534.60","1,508.00","1.04K","-0.78%"
"2019年10月10日","1,529.70","1,548.00","1,548.00","1,526.00","0.13K","-0.74%"
"2019年10月9日","1,541.10","1,539.70","1,543.00","1,535.00","0.43K","0.60%"
"2019年10月8日","1,531.90","1,524.20","1,540.00","1,522.60","0.43K","-0.04%"
"2019年10月7日","1,532.50","1,538.90","1,538.90","1,522.20","0.16K","-0.53%"
"2019年10月4日","1,540.70","1,541.30","1,541.30","1,530.20","0.07K","-0.04%"
"2019年10月3日","1,541.30","1,536.80","1,551.80","1,535.20","0.45K","0.29%"
"2019年10月2日","1,536.80","1,512.80","1,536.30","1,509.90","0.34K","1.24%"
"2019年10月1日","1,518.00","1,502.60","1,520.00","1,499.00","0.22K","1.05%"
"2019年9月30日","1,502.30","1,533.00","1,533.00","1,500.10","0.51K","-2.20%"
"2019年9月27日","1,536.10","1,538.30","1,538.30","1,525.70","0.17K","-0.58%"
"2019年9月26日","1,545.00","1,538.90","1,547.00","1,538.00","0.25K","0.19%"
"2019年9月25日","1,542.00","1,572.00","1,572.00","1,539.10","0.25K","-1.79%"
"2019年9月24日","1,570.10","1,560.10","1,573.00","1,554.90","0.51K","0.54%"
"2019年9月23日","1,561.60","1,556.60","1,562.50","1,556.60","0.02K","1.05%"
"2019年9月20日","1,545.30","1,537.80","1,553.50","1,537.80","0.10K","0.58%"
"2019年9月19日","1,536.40","1,528.80","1,540.40","1,528.80","0.16K","-0.63%"
"2019年9月18日","1,546.10","1,538.90","1,549.00","1,530.40","0.50K","0.13%"
"2019年9月17日","1,544.10","1,538.80","1,542.30","1,538.80","0.01K","0.12%"
"2019年9月16日","1,542.30","1,542.60","1,546.50","1,536.40","0.69K","0.76%"
"2019年9月13日","1,530.70","1,543.40","1,543.40","1,525.60","0.18K","-0.46%"
"2019年9月12日","1,537.80","1,530.40","1,558.60","1,530.40","0.41K","0.35%"
"2019年9月11日","1,532.40","1,528.80","1,534.40","1,528.80","0.04K","0.28%"
"2019年9月10日","1,528.10","1,531.90","1,532.60","1,524.90","0.16K","-0.75%"
"2019年9月9日","1,539.60","1,540.10","1,546.60","1,534.10","0.24K","-0.24%"
"2019年9月6日","1,543.30","1,551.00","1,559.90","1,539.20","0.06K","-0.62%"
"2019年9月5日","1,552.90","1,579.50","1,584.10","1,544.90","0.10K","-2.17%"
"2019年9月4日","1,587.40","1,582.70","1,590.70","1,572.00","0.34K","0.27%"
"2019年9月3日","1,583.20","1,562.80","1,583.90","1,561.20","0.24K","3.13%"
"2019年9月2日","1,535.15","1,537.95","1,540.05","1,528.15","-","-0.19%"
"2019年9月1日","1,538.05","1,535.25","1,542.90","1,535.25","-","-1.23%"
"2019年8月30日","1,557.20","1,564.10","1,566.90","1,555.00","0.45K","-0.43%"
"2019年8月29日","1,564.00","1,571.90","1,578.80","1,562.00","0.25K","-0.72%"
"2019年8月28日","1,575.30","1,572.30","1,578.00","1,571.60","0.24K","-0.17%"
"2019年8月27日","1,578.00","1,566.20","1,579.30","1,564.60","0.17K","0.95%"
"2019年8月26日","1,563.10","1,584.50","1,584.50","1,563.20","0.07K","-0.03%"
"2019年8月23日","1,563.50","1,539.00","1,563.50","1,537.30","0.26K","1.90%"
"2019年8月22日","1,534.40","1,534.30","1,538.80","1,530.50","0.25K","-0.46%"
"2019年8月21日","1,541.50","1,532.70","1,540.60","1,532.70","0.56K","0.01%"
"2019年8月20日","1,541.30","1,530.20","1,540.70","1,530.20","0.17K","0.27%"
"2019年8月19日","1,537.20","1,543.90","1,543.90","1,531.00","0.35K","-0.77%"
"2019年8月16日","1,549.20","1,557.40","1,557.70","1,541.30","0.16K","-0.48%"
"2019年8月15日","1,556.70","1,553.00","1,561.20","1,546.00","0.29K","0.17%"
"2019年8月14日","1,554.00","1,538.50","1,553.10","1,532.60","0.24K","0.86%"
"2019年8月13日","1,540.70","1,556.20","1,571.70","1,523.10","0.07K","-0.15%"
"2019年8月12日","1,543.00","1,536.00","1,550.10","1,526.40","0.16K","0.55%"
"2019年8月9日","1,534.50","1,542.80","1,543.80","1,535.00","0.09K","-0.03%"
"2019年8月8日","1,535.00","1,533.00","1,542.10","1,532.60","0.06K","-0.62%"
"2019年8月7日","1,544.60","1,510.60","1,547.70","1,510.60","0.11K","2.31%"
"2019年8月6日","1,509.70","1,507.20","1,511.10","1,498.60","0.14K","0.47%"
"2019年8月5日","1,502.60","1,487.40","1,505.00","1,487.40","0.07K","1.16%"
"2019年8月2日","1,485.30","1,476.20","1,476.20","1,476.20","0.08K","1.63%"
"2019年8月1日","1,461.50","1,450.80","1,485.60","1,443.30","0.15K","-0.33%"
"2019年7月31日","1,466.30","1,460.50","1,469.60","1,452.90","0.13K","-0.27%"
"2019年7月30日","1,470.30","1,469.00","1,472.40","1,469.00","0.02K","0.59%"
"2019年7月29日","1,461.70","1,461.70","1,461.70","1,461.70","1.05K","0.09%"
"2019年7月26日","1,460.40","1,460.40","1,460.40","1,460.40","0.56K","0.41%"
"2019年7月25日","1,454.40","1,465.10","1,468.00","1,456.10","0.81K","-0.58%"
"2019年7月24日","1,462.90","1,467.20","1,467.20","1,467.20","0.04K","0.14%"
"2019年7月23日","1,460.80","1,458.60","1,459.60","1,458.60","0.25K","-0.35%"
"2019年7月22日","1,466.00","1,466.00","1,466.00","1,466.00","0.61K","0.03%"
"2019年7月19日","1,465.50","1,483.30","1,487.40","1,461.50","0.02K","-0.12%"
"2019年7月18日","1,467.20","1,464.40","1,488.50","1,459.40","0.02K","0.32%"
"2019年7月17日","1,462.50","1,455.00","1,467.30","1,455.00","0.02K","0.85%"
"2019年7月16日","1,450.20","1,453.40","1,453.40","1,453.40","0.02K","-0.14%"
"2019年7月15日","1,452.30","1,452.30","1,452.30","1,452.30","0.99K","0.10%"
"2019年7月12日","1,450.90","1,450.90","1,450.90","1,450.90","0.05K","0.39%"
"2019年7月11日","1,445.30","1,461.40","1,467.20","1,461.40","0.01K","-0.36%"
"2019年7月10日","1,450.50","1,450.50","1,450.50","1,450.50","0.07K","0.85%"
"2019年7月9日","1,438.30","1,430.60","1,430.80","1,430.60","0.02K","0.07%"
"2019年7月8日","1,437.30","1,436.90","1,436.90","1,436.90","0.05K","0.05%"
"2019年7月5日","1,436.60","1,428.00","1,433.00","1,428.00","0.02K","0.92%"
"2019年7月4日","1,423.55","1,421.25","1,426.65","1,412.85","-","-2.23%"
"2019年7月3日","1,456.00","1,465.50","1,465.50","1,461.90","0.00K","0.91%"
"2019年7月2日","1,442.80","1,428.60","1,428.60","1,428.60","0.07K","1.35%"
"2019年7月1日","1,423.60","1,444.00","1,444.00","1,424.40","0.01K","-1.60%"
"2019年6月28日","1,446.80","1,451.00","1,451.00","1,445.70","0.06K","0.16%"
"2019年6月27日","1,444.50","1,444.50","1,444.50","1,444.50","0.06K","-0.23%"
"2019年6月26日","1,447.80","1,441.90","1,445.40","1,440.50","0.04K","-0.24%"
"2019年6月25日","1,451.30","1,461.30","1,473.90","1,448.70","0.09K","0.03%"
"2019年6月24日","1,450.90","1,439.10","1,449.60","1,439.00","0.01K","1.27%"
"2019年6月21日","1,432.70","1,444.00","1,444.00","1,419.60","0.02K","0.23%"
"2019年6月20日","1,429.40","1,419.10","1,428.70","1,417.40","0.41K","3.25%"
"2019年6月19日","1,384.40","1,382.10","1,382.10","1,382.10","0.09K","-0.22%"
"2019年6月18日","1,387.40","1,379.70","1,394.50","1,379.70","0.18K","0.57%"
"2019年6月17日","1,379.60","1,379.70","1,384.20","1,379.70","0.02K","-0.14%"
"2019年6月14日","1,381.50","1,389.20","1,389.20","1,379.80","0.04K","0.06%"
"2019年6月13日","1,380.70","1,378.30","1,378.70","1,378.30","0.00K","0.50%"
"2019年6月12日","1,373.80","1,373.80","1,373.80","1,373.80","0.01K","0.35%"
"2019年6月11日","1,369.00","1,369.00","1,369.00","1,369.00","1.01K","0.15%"
"2019年6月10日","1,366.90","1,378.00","1,378.00","1,367.00","0.01K","-1.09%"
"2019年6月7日","1,381.90","1,388.50","1,388.50","1,382.40","0.05K","0.25%"
"2019年6月6日","1,378.50","1,370.00","1,370.00","1,370.00","0.09K","0.61%"
"2019年6月5日","1,370.20","1,376.60","1,376.60","1,368.80","0.16K","0.27%"
"2019年6月4日","1,366.50","1,366.50","1,366.50","1,366.50","0.03K","0.09%"
"2019年6月3日","1,365.30","1,356.50","1,356.50","1,356.50","0.07K","1.16%"
"2019年5月31日","1,349.60","1,342.90","1,347.80","1,342.90","0.22K","1.25%"
"2019年5月30日","1,332.90","1,332.40","1,332.40","1,332.40","0.33K","0.48%"
"2019年5月29日","1,326.50","1,327.80","1,327.80","1,327.80","0.00K","0.24%"
"2019年5月28日","1,323.30","1,322.60","1,322.60","1,322.60","0.12K","2.98%"
"2019年5月27日","1,284.95","1,284.25","1,286.85","1,283.25","-","0.06%"
"2019年5月26日","1,284.15","1,284.20","1,285.15","1,283.65","-","-3.45%"
"2019年5月24日","1,330.10","1,329.20","1,329.20","1,329.20","0.00K","-0.13%"
"2019年5月23日","1,331.80","1,328.40","1,328.40","1,328.40","0.00K","0.79%"
"2019年5月22日","1,321.30","1,321.30","1,321.30","1,321.30","0.02K","0.09%"
"2019年5月21日","1,320.10","1,320.10","1,320.10","1,320.10","0.10K","-0.31%"
"2019年5月20日","1,324.20","1,324.20","1,324.20","1,324.20","0.08K","0.13%"
"2019年5月17日","1,322.50","1,322.50","1,322.50","1,322.50","0.21K","-0.80%"
"2019年5月16日","1,333.10","1,333.10","1,333.10","1,333.10","0.11K","-0.85%"
"2019年5月15日","1,344.50","1,344.50","1,344.50","1,344.50","0.06K","0.08%"
"2019年5月14日","1,343.40","1,343.40","1,343.40","1,343.40","0.20K","-0.50%"
"2019年5月13日","1,350.20","1,350.20","1,350.20","1,350.20","0.12K","0.97%"
"2019年5月10日","1,337.20","1,337.20","1,337.20","1,337.20","0.05K","0.16%"
"2019年5月9日","1,335.10","1,335.10","1,335.10","1,335.10","0.04K","0.28%"
"2019年5月8日","1,331.40","1,338.00","1,338.00","1,338.00","0.05K","-0.33%"
"2019年5月7日","1,335.80","1,335.80","1,335.80","1,335.80","0.12K","0.13%"
"2019年5月6日","1,334.00","1,334.00","1,334.00","1,334.00","0.01K","0.17%"
"2019年5月3日","1,331.70","1,331.70","1,331.70","1,331.70","0.02K","0.72%"
"2019年5月2日","1,322.20","1,323.00","1,323.00","1,323.00","0.00K","-0.90%"
"2019年5月1日","1,334.20","1,334.20","1,334.20","1,334.20","0.26K","-0.11%"
"2019年4月30日","1,335.70","1,335.70","1,335.70","1,335.70","0.21K","0.31%"
"2019年4月29日","1,331.60","1,331.60","1,331.60","1,331.60","0.14K","-0.57%"
"2019年4月26日","1,339.20","1,339.20","1,339.20","1,339.20","0.38K","0.68%"
"2019年4月25日","1,330.20","1,330.20","1,330.20","1,330.20","0.00K","0.02%"
"2019年4月24日","1,329.90","1,329.90","1,329.90","1,329.90","0.15K","0.46%"
"2019年4月23日","1,323.80","1,323.80","1,323.80","1,323.80","0.01K","-0.35%"
"2019年4月22日","1,328.50","1,328.50","1,328.50","1,328.50","0.00K","3.96%"
"2019年4月19日","1,277.90","1,277.90","1,277.90","1,277.90","-","-3.69%"
"2019年4月18日","1,326.90","1,326.90","1,326.90","1,326.90","0.08K","-0.05%"
"2019年4月17日","1,327.60","1,327.60","1,327.60","1,327.60","0.06K","-0.04%"
"2019年4月16日","1,328.10","1,329.10","1,329.10","1,329.00","0.05K","-1.07%"
"2019年4月15日","1,342.40","1,342.40","1,342.40","1,342.40","0.02K","-0.29%"
"2019年4月12日","1,346.30","1,346.30","1,346.30","1,346.30","0.23K","0.22%"
"2019年4月11日","1,343.40","1,356.60","1,356.60","1,356.60","0.00K","-1.50%"
"2019年4月10日","1,363.90","1,363.90","1,363.90","1,363.90","0.08K","0.40%"
"2019年4月9日","1,358.40","1,358.40","1,358.40","1,358.40","0.00K","0.48%"
"2019年4月8日","1,351.90","1,351.90","1,351.90","1,351.90","0.00K","0.50%"
"2019年4月5日","1,345.20","1,345.20","1,345.20","1,345.20","0.05K","0.13%"
"2019年4月4日","1,343.50","1,343.50","1,343.50","1,343.50","0.04K","-0.04%"
"2019年4月3日","1,344.00","1,344.00","1,344.00","1,344.00","0.05K","0.01%"
"2019年4月2日","1,343.90","1,340.80","1,343.20","1,340.80","0.00K","0.09%"
"2019年4月1日","1,342.70","1,342.70","1,342.70","1,342.70","0.03K","-0.25%"
"2019年3月29日","1,346.00","1,354.10","1,354.10","1,354.10","0.00K","0.27%"
"2019年3月28日","1,342.40","1,348.00","1,348.00","1,342.20","0.01K","-1.57%"
"2019年3月27日","1,363.80","1,363.80","1,363.80","1,363.80","0.04K","-0.40%"
"2019年3月26日","1,369.30","1,369.30","1,369.30","1,369.30","0.01K","-0.64%"
"2019年3月25日","1,378.10","1,378.10","1,378.10","1,378.10","0.10K","0.64%"
"2019年3月22日","1,369.30","1,368.20","1,368.20","1,368.20","0.03K","0.35%"
"2019年3月21日","1,364.50","1,364.50","1,364.50","1,364.50","0.12K","0.37%"
"2019年3月20日","1,359.50","1,359.50","1,359.50","1,359.50","0.02K","-0.38%"
"2019年3月19日","1,364.70","1,364.70","1,364.70","1,364.70","0.00K","0.39%"
"2019年3月18日","1,359.40","1,359.40","1,359.40","1,359.40","0.01K","-0.09%"
"2019年3月15日","1,360.60","1,360.60","1,360.60","1,360.60","0.01K","0.57%"
"2019年3月14日","1,352.90","1,352.90","1,352.90","1,352.90","0.23K","-1.11%"
"2019年3月13日","1,368.10","1,368.10","1,368.10","1,368.10","0.02K","0.85%"
"2019年3月12日","1,356.60","1,356.60","1,356.60","1,356.60","0.08K","0.49%"
"2019年3月11日","1,350.00","1,350.00","1,350.00","1,350.00","0.00K","-0.63%"
"2019年3月8日","1,358.50","1,358.50","1,358.50","1,358.50","0.00K","1.01%"
"2019年3月7日","1,344.90","1,344.90","1,344.90","1,344.90","0.04K","-0.12%"
"2019年3月6日","1,346.50","1,346.50","1,346.50","1,346.50","0.00K","0.22%"
"2019年3月5日","1,343.50","1,343.50","1,343.50","1,343.50","0.00K","-0.21%"
"2019年3月4日","1,346.30","1,346.30","1,346.30","1,346.30","0.02K","-0.88%"
"2019年3月1日","1,358.30","1,358.30","1,358.30","1,358.30","0.13K","-1.24%"
"2019年2月28日","1,375.30","1,374.00","1,374.00","1,374.00","0.01K","-0.38%"
"2019年2月27日","1,380.50","1,380.50","1,380.50","1,380.50","0.00K","-0.53%"
"2019年2月26日","1,387.90","1,387.90","1,387.90","1,387.90","0.00K","-0.08%"
"2019年2月25日","1,389.00","1,389.00","1,389.00","1,389.00","0.00K","-0.25%"
"2019年2月22日","1,392.50","1,392.50","1,392.50","1,392.50","0.02K","0.38%"
"2019年2月21日","1,387.20","1,388.00","1,388.00","1,388.00","0.03K","-1.39%"
"2019年2月20日","1,406.70","1,406.70","1,406.70","1,406.70","0.15K","0.20%"
"2019年2月19日","1,403.90","1,403.90","1,403.90","1,403.90","0.04K","5.59%"
"2019年2月18日","1,329.55","1,324.35","1,330.75","1,324.05","-","0.40%"
"2019年2月17日","1,324.25","1,324.65","1,324.95","1,323.85","-","-4.12%"
"2019年2月15日","1,381.20","1,381.20","1,381.20","1,381.20","0.03K","0.58%"
"2019年2月14日","1,373.20","1,373.20","1,373.20","1,373.20","0.07K","-0.10%"
"2019年2月13日","1,374.60","1,374.60","1,374.60","1,374.60","0.05K","0.10%"
"2019年2月12日","1,373.20","1,373.20","1,373.20","1,373.20","0.00K","0.15%"
"2019年2月11日","1,371.20","1,371.20","1,371.20","1,371.20","0.03K","-0.48%"
"2019年2月8日","1,377.80","1,377.80","1,377.80","1,377.80","0.05K","0.31%"
"2019年2月7日","1,373.60","1,373.60","1,373.60","1,373.60","0.00K","-0.01%"
"2019年2月6日","1,373.80","1,373.80","1,373.80","1,373.80","0.00K","-0.35%"
"2019年2月5日","1,378.60","1,378.60","1,378.60","1,378.60","0.04K","0.02%"
"2019年2月4日","1,378.30","1,378.30","1,378.30","1,378.30","0.00K","-0.20%"
"2019年2月1日","1,381.10","1,382.60","1,382.60","1,382.60","0.01K","-0.21%"
"2019年1月31日","1,384.00","1,384.00","1,384.00","1,384.00","0.08K","0.59%"
"2019年1月30日","1,375.90","1,377.60","1,377.60","1,377.60","0.06K","0.02%"
"2019年1月29日","1,375.60","1,375.60","1,375.60","1,375.60","0.20K","0.42%"
"2019年1月28日","1,369.80","1,369.80","1,369.80","1,369.80","0.00K","0.43%"
"2019年1月25日","1,364.00","1,360.00","1,360.00","1,360.00","0.01K","1.42%"
"2019年1月24日","1,344.90","1,344.90","1,344.90","1,344.90","0.05K","-0.33%"
"2019年1月23日","1,349.30","1,349.30","1,349.30","1,349.30","0.02K","0.07%"
"2019年1月22日","1,348.40","1,348.40","1,348.40","1,348.40","0.15K","5.42%"
"2019年1月21日","1,279.05","1,281.95","1,282.95","1,276.15","-","-0.23%"
"2019年1月20日","1,282.05","1,281.30","1,282.70","1,280.50","-","-4.90%"
"2019年1月18日","1,348.10","1,348.10","1,348.10","1,348.10","0.00K","-0.72%"
"2019年1月17日","1,357.90","1,357.90","1,357.90","1,357.90","0.03K","-0.10%"
"2019年1月16日","1,359.30","1,359.30","1,359.30","1,359.30","0.00K","0.41%"
"2019年1月15日","1,353.70","1,353.70","1,353.70","1,353.70","0.01K","-0.26%"
"2019年1月14日","1,357.20","1,357.20","1,357.20","1,357.20","0.40K","0.13%"
"2019年1月11日","1,355.40","1,355.40","1,355.40","1,355.40","0.05K","0.18%"
"2019年1月10日","1,353.00","1,353.00","1,353.00","1,353.00","0.55K","-0.32%"
"2019年1月9日","1,357.30","1,357.30","1,357.30","1,357.30","0.10K","0.46%"
"2019年1月8日","1,351.10","1,351.10","1,351.10","1,351.10","0.00K","-0.30%"
"2019年1月7日","1,355.20","1,355.20","1,355.20","1,355.20","0.01K","0.31%"
"2019年1月4日","1,351.00","1,351.80","1,351.80","1,351.80","0.00K","-0.65%"
"2019年1月3日","1,359.80","1,359.80","1,359.80","1,359.80","0.01K","0.76%"
"2019年1月2日","1,349.50","1,349.50","1,349.50","1,349.50","0.10K","5.15%"
"2019年1月1日","1,283.35","1,284.70","1,284.75","1,282.85","-","-4.73%"